M.H_b.DIC Time [a],M.H_b.DIC DIC [mol/kg]
980000.0,0.0021521770722629538
990000.0,0.0021521770722629538
