M.D_b.zsnow Time [a],M.D_b.zsnow zsnow [mol/kg]
999990.0,4819.000024420601
1000000.0,4819.000024420601
