M.D_b.DIC Time [a],M.D_b.DIC DIC [mol/kg]
999000.0,0.002294965811029564
1000000.0,0.002294965811029564
