M.H_b.CO2aq Time [a],M.H_b.CO2aq CO2aq [mol/kg]
980000.0,1.570921824906468e-05
990000.0,1.570921824906467e-05
