M.H_b.TA Time [a],M.H_b.TA TA [mol/kg]
980000.0,0.002347128617752453
990000.0,0.002347128617752453
