M.D_b.zsnow Time [a],M.D_b.zsnow zsnow [mol/kg]
999000.0,4812.997308923687
1000000.0,4812.997308923687
