M.L_b.DIC Time [a],M.L_b.DIC DIC [mol/kg]
999900.0,0.0019409118998329315
1000000.0,0.0019409118998329317
