M.H_b.Hplus Time [a],M.H_b.Hplus Hplus [mol/kg]
999900.0,5.871706942639397e-09
1000000.0,5.8717069426393975e-09
