M.L_b.TA Time [a],M.L_b.TA TA [mol/kg]
980000.0,0.002282228507901895
990000.0,0.0022822285079018953
