M.H_b.Hplus Time [a],M.H_b.Hplus Hplus [mol/kg]
999000.0,5.871706942638784e-09
1000000.0,5.871706942638789e-09
