M.L_b.DIC Time [a],M.L_b.DIC DIC [mol/kg]
999990.0,0.0019410157208518612
1000000.0,0.0019410157208518612
