M.D_b.DIC Time [a],M.D_b.DIC DIC [mol/kg]
980000.0,0.002295061540951666
990000.0,0.002295061540951666
