M.H_b.Hplus Time [a],M.H_b.Hplus Hplus [mol/kg]
980000.0,5.8719821932373416e-09
990000.0,5.871982193237342e-09
