M.D_b.TA Time [a],M.D_b.TA TA [mol/kg]
999000.0,0.00240381926649904
1000000.0,0.00240381926649904
