M.L_b.TA Time [a],M.L_b.TA TA [mol/kg]
999900.0,0.0022822285079057416
1000000.0,0.0022822285079057425
