M.L_b.Hplus Time [a],M.L_b.Hplus Hplus [mol/kg]
980000.0,5.400851060015832e-09
990000.0,5.400851060015828e-09
