M.L_b.TA Time [a],M.L_b.TA TA [mol/kg]
999000.0,0.0022821370092931687
1000000.0,0.002282137009293169
