M.H_b.DIC Time [a],M.H_b.DIC DIC [mol/kg]
999900.0,0.002152081342340953
1000000.0,0.002152081342340953
