M.D_b.TA Time [a],M.D_b.TA TA [mol/kg]
999900.0,0.002403819266499125
1000000.0,0.002403819266499125
