M.H_b.TA Time [a],M.H_b.TA TA [mol/kg]
999000.0,0.0023485091495872804
1000000.0,0.0023485091495872804
