M.D_b.TA Time [a],M.D_b.TA TA [mol/kg]
980000.0,0.002403910765107766
990000.0,0.002403910765107766
