M.H_b.DIC Time [a],M.H_b.DIC DIC [mol/kg]
999900.0,0.002152177072262947
1000000.0,0.0021521770722629473
