M.D_b.DIC Time [a],M.D_b.DIC DIC [mol/kg]
999990.0,0.0022950754877167313
1000000.0,0.0022950754877167313
