M.L_b.CO2aq Time [a],M.L_b.CO2aq CO2aq [mol/kg]
999900.0,8.63776712057905e-06
1000000.0,8.637767120579037e-06
