M.D_b.Hplus Time [a],M.D_b.Hplus Hplus [mol/kg]
999900.0,1.2238131339714515e-08
1000000.0,1.2238131339714515e-08
