M.H_b.TA Time [a],M.H_b.TA TA [mol/kg]
999900.0,0.00234860064819599
1000000.0,0.0023486006481959905
