M.H_b.Hplus Time [a],M.H_b.Hplus Hplus [mol/kg]
999900.0,5.871706942638818e-09
1000000.0,5.87170694263882e-09
