M.H_b.CO2aq Time [a],M.H_b.CO2aq CO2aq [mol/kg]
999900.0,1.5733019491871763e-05
1000000.0,1.573301949187173e-05
