M.H_b.CO2aq Time [a],M.H_b.CO2aq CO2aq [mol/kg]
999900.0,1.5731539477692864e-05
1000000.0,1.573153947769287e-05
