M.D_b.TA Time [a],M.D_b.TA TA [mol/kg]
999990.0,0.002403935537461534
1000000.0,0.002403935537461534
