M.D_b.DIC Time [a],M.D_b.DIC DIC [mol/kg]
999900.0,0.0022950615409516595
1000000.0,0.0022950615409516595
