M.CO2_At Time [a],M.CO2_At CO2 [mol/kg]
999000.0,0.00026988447436646974
1000000.0,0.0002698844743664699
