M.D_b.TA Time [a],M.D_b.TA TA [mol/kg]
999900.0,0.0024038192664990387
1000000.0,0.0024038192664990387
