M.L_b.Hplus Time [a],M.L_b.Hplus Hplus [mol/kg]
999990.0,5.395015419940609e-09
1000000.0,5.395015419940609e-09
