M.D_b.Hplus Time [a],M.D_b.Hplus Hplus [mol/kg]
999990.0,1.223731571440851e-08
1000000.0,1.223731571440851e-08
