M.D_b.Hplus Time [a],M.D_b.Hplus Hplus [mol/kg]
999000.0,1.2237607231140217e-08
1000000.0,1.2237607231140219e-08
