M.H_b.TA Time [a],M.H_b.TA TA [mol/kg]
999900.0,0.0023486006481998533
1000000.0,0.002348600648199854
