M.L_b.CO2aq Time [a],M.L_b.CO2aq CO2aq [mol/kg]
999000.0,8.636960663140852e-06
1000000.0,8.636960663140855e-06
