M.H_b.CO2aq Time [a],M.H_b.CO2aq CO2aq [mol/kg]
999900.0,1.5733019491890693e-05
1000000.0,1.5733019491890696e-05
