M.H_b.TA Time [a],M.H_b.TA TA [mol/kg]
999900.0,0.002348509149587366
1000000.0,0.0023485091495873654
