M.D_b.zsnow Time [a],M.D_b.zsnow zsnow [mol/kg]
999900.0,4812.000225937523
1000000.0,4812.000225937523
