M.H_b.TA Time [a],M.H_b.TA TA [mol/kg]
999990.0,0.002348625420549774
1000000.0,0.002348625420549774
