M.H_b.CO2aq Time [a],M.H_b.CO2aq CO2aq [mol/kg]
999990.0,1.5732322319791684e-05
1000000.0,1.5732322319791684e-05
