M.L_b.TA Time [a],M.L_b.TA TA [mol/kg]
999990.0,0.002282253280255662
1000000.0,0.002282253280255662
