M.H_b.Hplus Time [a],M.H_b.Hplus Hplus [mol/kg]
999990.0,5.871700280263497e-09
1000000.0,5.871700280263497e-09
