M.CO2_At Time [a],M.CO2_At CO2 [mol/kg]
999990.0,0.0002698984902372042
1000000.0,0.0002698984902372042
