M.L_b.CO2aq Time [a],M.L_b.CO2aq CO2aq [mol/kg]
999990.0,8.637415194908687e-06
1000000.0,8.637415194908687e-06
