M.D_b.zsnow Time [a],M.D_b.zsnow zsnow [mol/kg]
999900.0,4812.996312145804
1000000.0,4812.996312145804
