M.L_b.Hplus Time [a],M.L_b.Hplus Hplus [mol/kg]
999900.0,5.395019592707212e-09
1000000.0,5.39501959270721e-09
