M.D_b.TA Time [a],M.D_b.TA TA [mol/kg]
999900.0,0.0024039107651116134
1000000.0,0.002403910765111614
