M.H_b.DIC Time [a],M.H_b.DIC DIC [mol/kg]
980000.0,0.002150636962809465
990000.0,0.0021506369628094646
