M.H_b.DIC Time [a],M.H_b.DIC DIC [mol/kg]
999000.0,0.002152081342340852
1000000.0,0.002152081342340852
