M.H_b.Hplus Time [a],M.H_b.Hplus Hplus [mol/kg]
980000.0,5.867554272878509e-09
990000.0,5.867554272878506e-09
