M.CO2_At Time [a],M.CO2_At CO2 [mol/kg]
999900.0,0.00026990972042359
1000000.0,0.0002699097204235896
