M.H_b.Hplus Time [a],M.H_b.Hplus Hplus [mol/kg]
999900.0,5.871982193222426e-09
1000000.0,5.871982193222414e-09
