M.L_b.CO2aq Time [a],M.L_b.CO2aq CO2aq [mol/kg]
980000.0,8.64320167638056e-06
990000.0,8.643201676380554e-06
