M.L_b.CO2aq Time [a],M.L_b.CO2aq CO2aq [mol/kg]
980000.0,8.63776712058752e-06
990000.0,8.637767120587519e-06
