M.L_b.Hplus Time [a],M.L_b.Hplus Hplus [mol/kg]
999900.0,5.395019592706751e-09
1000000.0,5.3950195927067495e-09
