M.H_b.DIC Time [a],M.H_b.DIC DIC [mol/kg]
999990.0,0.002152191019028019
1000000.0,0.002152191019028019
