M.L_b.DIC Time [a],M.L_b.DIC DIC [mol/kg]
999900.0,0.0019410048513040011
1000000.0,0.001941004851304001
