M.H_b.Hplus Time [a],M.H_b.Hplus Hplus [mol/kg]
999900.0,5.871982193237238e-09
1000000.0,5.87198219323724e-09
