M.H_b.CO2aq Time [a],M.H_b.CO2aq CO2aq [mol/kg]
999000.0,1.573153947769277e-05
1000000.0,1.5731539477692782e-05
