M.L_b.Hplus Time [a],M.L_b.Hplus Hplus [mol/kg]
999000.0,5.395019592706724e-09
1000000.0,5.395019592706725e-09
