M.H_b.TA Time [a],M.H_b.TA TA [mol/kg]
980000.0,0.0023486006481960066
990000.0,0.0023486006481960066
