M.H_b.TA Time [a],M.H_b.TA TA [mol/kg]
999900.0,0.002348509149587279
1000000.0,0.002348509149587279
