M.L_b.CO2aq Time [a],M.L_b.CO2aq CO2aq [mol/kg]
999900.0,8.636960663142172e-06
1000000.0,8.636960663142173e-06
