M.L_b.DIC Time [a],M.L_b.DIC DIC [mol/kg]
999900.0,0.0019409118998328307
1000000.0,0.001940911899832831
