M.L_b.TA Time [a],M.L_b.TA TA [mol/kg]
999900.0,0.002282228507901879
1000000.0,0.002282228507901879
