M.D_b.DIC Time [a],M.D_b.DIC DIC [mol/kg]
980000.0,0.0022905838231294284
990000.0,0.0022905838231294284
