M.H_b.CO2aq Time [a],M.H_b.CO2aq CO2aq [mol/kg]
980000.0,1.6091728196586112e-05
990000.0,1.6091728196586122e-05
