M.L_b.TA Time [a],M.L_b.TA TA [mol/kg]
980000.0,0.002314640516863082
990000.0,0.002314640516863082
