M.H_b.DIC Time [a],M.H_b.DIC DIC [mol/kg]
980000.0,0.002174374893522678
990000.0,0.002174374893522678
