M.H_b.Hplus Time [a],M.H_b.Hplus Hplus [mol/kg]
980000.0,5.940576316124427e-09
990000.0,5.940576316124429e-09
