M.H_b.TA Time [a],M.H_b.TA TA [mol/kg]
980000.0,0.002369653509970691
990000.0,0.002369653509970691
