M.D_b.TA Time [a],M.D_b.TA TA [mol/kg]
980000.0,0.00239965971709306
990000.0,0.00239965971709306
