M.CO2_At Time [a],M.CO2_At CO2 [mol/kg]
0.0,0.00028
100000.0,0.0002758424610793816
200000.0,0.0002758424608286668
300000.0,0.00027584246082866683
400000.0,0.00027584246082866683
500000.0,0.0002758424608286666
600000.0,0.00027584246082866667
700000.0,0.0002758424608286668
800000.0,0.0002758424608286668
900000.0,0.0002758424608286668
