M.CO2_At Time [a],M.CO2_At CO2 [mol/kg]
0.0,0.000275839794192
100000.0,0.0002758374172699427
200000.0,0.0002758357721801597
300000.0,0.00027583594504610213
400000.0,0.0002758351322366008
500000.0,0.0002758387721440127
600000.0,0.0002758358119705201
700000.0,0.0002758350958900097
800000.0,0.00027584063079482275
900000.0,0.000275835839808607
