M.CO2_At Time [a],M.CO2_At CO2 [mol/kg]
0.0,0.0002758356315157
1710.0,0.0002813485460238226
3420.0,0.0008196635271552598
