M.CO2_At Time [a],M.CO2_At CO2 [mol/kg]
0.0,0.0002758268028405
100000.0,0.0002758298598719946
200000.0,0.00027582926872352635
300000.0,0.00027582943165934304
400000.0,0.00027582966550104924
500000.0,0.00027582859969095503
600000.0,0.00027582218215825186
700000.0,0.0002758295976954171
800000.0,0.0002758263725190525
900000.0,0.00027582920943645706
