M.CO2_At Time [a],M.CO2_At CO2 [mol/kg]
0.0,0.0002758351596412
100000.0,0.00027583538953997915
200000.0,0.0002758351236889159
300000.0,0.00027583445319787905
400000.0,0.00027583611172492283
500000.0,0.0002758358742663834
600000.0,0.0002758349312351245
700000.0,0.0002758368099705463
800000.0,0.00027583950725525353
900000.0,0.00027583696219199856
