M.CO2_At Time [a],M.CO2_At CO2 [mol/kg]
0.0,0.0002758424608286
1710.0,0.00028137778394264244
3420.0,0.0008197245146378259
