M.CO2_At Time [a],M.CO2_At CO2 [mol/kg]
0.0,0.0002758286792851
1920.0,0.00028618281181925646
3840.0,0.0007658008866447412
