M.CO2_At Time [a],M.CO2_At CO2 [mol/kg]
0.0,0.0002758339525844
100000.0,0.0002758337532338706
200000.0,0.0002758272776946268
300000.0,0.00027583330679346787
400000.0,0.0002758248249796631
500000.0,0.0002758272116840851
600000.0,0.0002758351830381032
700000.0,0.00027583366431036167
800000.0,0.00027583586755345577
900000.0,0.00027583535798317977
