M.CO2_At Time [a],M.CO2_At CO2 [mol/kg]
0.0,0.0002758359942733
1710.0,0.00028136067079524794
3420.0,0.0008197225612672339
