M.CO2_At Time [a],M.CO2_At CO2 [mol/kg]
0.0,0.0002766065806792
1920.0,0.0002874577984242209
3840.0,0.0007735496096730075
