M.CO2_At Time [a],M.CO2_At CO2 [mol/kg]
0.0,0.00028
100000.0,0.0002758352844404613
200000.0,0.00027583618527422126
300000.0,0.00027583056668605596
400000.0,0.0002758312304766343
500000.0,0.0002758369913654405
600000.0,0.0002758381024951233
700000.0,0.00027583411693852514
800000.0,0.0002758352550107925
900000.0,0.00027583475361750036
