M.CO2_At Time [a],M.CO2_At CO2 [mol/kg]
0.0,0.0002832179827673
1920.0,0.0002941543817187561
3840.0,0.0007846485986421342
