M.CO2_At Time [a],M.CO2_At CO2 [mol/kg]
0.0,0.0002758344440906
1710.0,0.0002813598469897196
3420.0,0.0008198149217723196
