M.CO2_At Time [a],M.CO2_At CO2 [mol/kg]
0.0,0.0002758363471652
100000.0,0.00027583632142534777
200000.0,0.00027582947522399254
300000.0,0.0002758359871370272
400000.0,0.0002758348886334186
500000.0,0.00027583440407119873
600000.0,0.0002758341925580787
700000.0,0.0002758361945451028
800000.0,0.00027583181400826496
900000.0,0.0002758346446399253
