M.CO2_At Time [a],M.CO2_At CO2 [mol/kg]
0.0,0.0002758293988489
1920.0,0.0002861831782038764
3840.0,0.0007658021786769855
