M.CO2_At Time [a],M.CO2_At CO2 [mol/kg]
0.0,0.0002758286792851
1920.0,0.0002864313726601738
3840.0,0.0007669107798288062
