M.D_b.Hplus Time [a],M.D_b.Hplus Hplus [mol/kg]
0.0,1.222714995708418e-08
1920.0,1.2423215650152017e-08
3840.0,3.070615757066995e-08
