M.D_b.TA Time [a],M.D_b.TA TA [mol/kg]
0.0,0.0024024884995875
1920.0,0.002404417425150596
3840.0,0.002539400166170437
