M.D_b.Hplus Time [a],M.D_b.Hplus Hplus [mol/kg]
0.0,1.222737027894838e-08
100000.0,1.222737395897139e-08
200000.0,1.2226882374923664e-08
300000.0,1.2227350429603888e-08
400000.0,1.2227269511958333e-08
500000.0,1.2227235080285344e-08
600000.0,1.222721939413515e-08
700000.0,1.2227363773859805e-08
800000.0,1.2227048602195609e-08
900000.0,1.2227250202335858e-08
