M.D_b.zsnow Time [a],M.D_b.zsnow zsnow [mol/kg]
0.0,4812.000401865399
1710.0,4800.272639720313
3420.0,3806.212191560129
