M.D_b.Hplus Time [a],M.D_b.Hplus Hplus [mol/kg]
0.0,1.2296279359816793e-08
100000.0,1.2227808626180054e-08
200000.0,1.2227808608921526e-08
300000.0,1.2227808608921526e-08
400000.0,1.2227808608921524e-08
500000.0,1.2227808608921527e-08
600000.0,1.2227808608921526e-08
700000.0,1.2227808608921526e-08
800000.0,1.2227808608921526e-08
900000.0,1.2227808608921527e-08
