M.D_b.zsnow Time [a],M.D_b.zsnow zsnow [mol/kg]
0.0,4812.000230272791
100000.0,4812.000230272791
200000.0,4812.000230272791
300000.0,4812.000230272791
400000.0,4812.000230272791
500000.0,4812.000230272791
600000.0,4812.000230272791
700000.0,4812.000230272791
800000.0,4812.000230272791
900000.0,4812.000230272791
