M.D_b.zsnow Time [a],M.D_b.zsnow zsnow [mol/kg]
0.0,4812.972417862017
1710.0,4800.881366943984
3420.0,3806.5614656324174
