M.D_b.zsnow Time [a],M.D_b.zsnow zsnow [mol/kg]
0.0,4735.738296478781
1920.0,4735.738296478781
3840.0,3526.4848360521983
