M.D_b.Hplus Time [a],M.D_b.Hplus Hplus [mol/kg]
0.0,1.2227288769556956e-08
100000.0,1.2227304890826452e-08
200000.0,1.222729098319645e-08
300000.0,1.2227236772859778e-08
400000.0,1.2227355801654801e-08
500000.0,1.222733909615095e-08
600000.0,1.2227272323069746e-08
700000.0,1.2227408768462876e-08
800000.0,1.2227600786708164e-08
900000.0,1.2227412630565301e-08
