M.D_b.TA Time [a],M.D_b.TA TA [mol/kg]
0.0,0.0024024963555506
1710.0,0.002403995954322374
3420.0,0.0025136621147984683
