M.D_b.Hplus Time [a],M.D_b.Hplus Hplus [mol/kg]
0.0,1.2227025976765348e-08
100000.0,1.2227231515375276e-08
200000.0,1.222719575294343e-08
300000.0,1.2227203638335687e-08
400000.0,1.2227222431574689e-08
500000.0,1.2227143478490249e-08
600000.0,1.2226673507341337e-08
700000.0,1.2227218402243209e-08
800000.0,1.2226984752997696e-08
900000.0,1.2227191671106584e-08
