M.D_b.DIC Time [a],M.D_b.DIC DIC [mol/kg]
0.0,0.0022935386674861
1920.0,0.0022976173192645337
3840.0,0.002556854469936466
