M.D_b.TA Time [a],M.D_b.TA TA [mol/kg]
0.0,0.002400809031664
1920.0,0.002401593186890151
3840.0,0.0025339331168955665
