M.D_b.DIC Time [a],M.D_b.DIC DIC [mol/kg]
0.0,0.002293561454661
100000.0,0.0022935614157746434
200000.0,0.002293569845814128
300000.0,0.002293561821345219
400000.0,0.0022935632000105617
500000.0,0.002293563792046257
600000.0,0.0022935640588574676
700000.0,0.0022935615857267093
800000.0,0.0022935669877075797
900000.0,0.002293563523304149
