M.D_b.zsnow Time [a],M.D_b.zsnow zsnow [mol/kg]
0.0,4750.0
100000.0,4812.000385350113
200000.0,4812.000385350113
300000.0,4812.000385350113
400000.0,4812.000385350113
500000.0,4812.000385350113
600000.0,4812.000385350113
700000.0,4812.000385350113
800000.0,4812.000385350113
900000.0,4812.000385350113
