M.D_b.Hplus Time [a],M.D_b.Hplus Hplus [mol/kg]
0.0,1.2227347467186942e-08
1710.0,1.2380882769490518e-08
3420.0,3.04263016661549e-08
