M.D_b.TA Time [a],M.D_b.TA TA [mol/kg]
0.0,0.0024024900368997
1920.0,0.002404418133500231
3840.0,0.0025394014438047834
