M.D_b.TA Time [a],M.D_b.TA TA [mol/kg]
0.0,0.002399
100000.0,0.00240249635502215
200000.0,0.0024024963555506888
300000.0,0.0024024963555506888
400000.0,0.0024024963555506888
500000.0,0.0024024963555506888
600000.0,0.0024024963555506888
700000.0,0.0024024963555506888
800000.0,0.0024024963555506888
900000.0,0.0024024963555506888
