M.D_b.zsnow Time [a],M.D_b.zsnow zsnow [mol/kg]
0.0,4812.000385350113
1710.0,4800.259647185599
3420.0,3806.274101435134
