M.D_b.DIC Time [a],M.D_b.DIC DIC [mol/kg]
0.0,0.0022935622950834
1710.0,0.002296967476497841
3420.0,0.002529655201517962
