M.D_b.DIC Time [a],M.D_b.DIC DIC [mol/kg]
0.0,0.002291
100000.0,0.0022935626600701325
200000.0,0.0022935616478866223
300000.0,0.0022935685162385404
400000.0,0.0022935674988563428
500000.0,0.002293560672792909
600000.0,0.0022935592381281436
700000.0,0.0022935640535816284
800000.0,0.00229356275820191
900000.0,0.0022935633782508987
