M.D_b.Hplus Time [a],M.D_b.Hplus Hplus [mol/kg]
0.0,1.222714995708418e-08
1920.0,1.2404404134555544e-08
3840.0,3.065256581823286e-08
