M.D_b.DIC Time [a],M.D_b.DIC DIC [mol/kg]
0.0,0.0022925910395741
1920.0,0.0022960303118581744
3840.0,0.002553079284441207
