M.D_b.Hplus Time [a],M.D_b.Hplus Hplus [mol/kg]
0.0,1.2227322086280436e-08
1710.0,1.2379978067166914e-08
3420.0,3.0422965656738386e-08
