M.D_b.TA Time [a],M.D_b.TA TA [mol/kg]
0.0,0.00240251375746
1710.0,0.0024040357801856137
3420.0,0.00251357024956703
