M.D_b.zsnow Time [a],M.D_b.zsnow zsnow [mol/kg]
0.0,4812.000025768776
1920.0,4797.264217010611
3840.0,3554.6180072232264
