M.D_b.zsnow Time [a],M.D_b.zsnow zsnow [mol/kg]
0.0,4750.0
100000.0,4812.003881229854
200000.0,4812.003881231367
300000.0,4812.003881231367
400000.0,4812.003881231367
500000.0,4812.003881231367
600000.0,4812.003881231367
700000.0,4812.003881231367
800000.0,4812.003881231367
900000.0,4812.003881231367
