M.D_b.TA Time [a],M.D_b.TA TA [mol/kg]
0.0,0.0024024900368997
1920.0,0.0024038615527795927
3840.0,0.00253868635057877
