M.D_b.DIC Time [a],M.D_b.DIC DIC [mol/kg]
0.0,0.0022935637490168
1710.0,0.002296953280637667
3420.0,0.002529632248123701
