M.D_b.zsnow Time [a],M.D_b.zsnow zsnow [mol/kg]
0.0,4750.0
1920.0,4749.995046076262
3840.0,3532.833583345594
