M.D_b.Hplus Time [a],M.D_b.Hplus Hplus [mol/kg]
0.0,1.2227237464521918e-08
1710.0,1.2380828759485193e-08
3420.0,3.042870028131031e-08
