M.D_b.DIC Time [a],M.D_b.DIC DIC [mol/kg]
0.0,0.0022935571678029
100000.0,0.002293560072284914
200000.0,0.0022935621395032517
300000.0,0.0022935619366411665
400000.0,0.0022935629082116
500000.0,0.0022935584168475103
600000.0,0.0022935620972764355
700000.0,0.002293562885117386
800000.0,0.0022935563415132586
900000.0,0.0022935620437352466
