M.D_b.DIC Time [a],M.D_b.DIC DIC [mol/kg]
0.0,0.002291
100000.0,0.0022935214306269674
200000.0,0.0022935214314981772
300000.0,0.0022935214314981772
400000.0,0.0022935214314981772
500000.0,0.0022935214314981772
600000.0,0.0022935214314981772
700000.0,0.0022935214314981772
800000.0,0.0022935214314981772
900000.0,0.0022935214314981772
