M.D_b.TA Time [a],M.D_b.TA TA [mol/kg]
0.0,0.002399659717093
1920.0,0.0024004161825496645
3840.0,0.002532873112981015
