M.D_b.TA Time [a],M.D_b.TA TA [mol/kg]
0.0,0.0024025121956873
100000.0,0.002402511703328869
200000.0,0.0024025121496585055
300000.0,0.002402513772527385
400000.0,0.002402510150079588
500000.0,0.0024025106596469526
600000.0,0.0024025126960220463
700000.0,0.002402508550283729
800000.0,0.002402502699104358
900000.0,0.0024025084012916412
