M.D_b.DIC Time [a],M.D_b.DIC DIC [mol/kg]
0.0,0.002293564362831
100000.0,0.0022935644876933494
200000.0,0.0022935726858015356
300000.0,0.0022935651430053966
400000.0,0.002293575491957503
500000.0,0.0022935725551212773
600000.0,0.0022935628461399687
700000.0,0.002293564709224708
800000.0,0.0022935620044200545
900000.0,0.002293562639463599
