M.D_b.zsnow Time [a],M.D_b.zsnow zsnow [mol/kg]
0.0,4750.0
100000.0,4812.0001349196245
200000.0,4812.0001349196245
300000.0,4812.0001349196245
400000.0,4812.0001349196245
500000.0,4812.0001349196245
600000.0,4812.0001349196245
700000.0,4812.0001349196245
800000.0,4812.0001349196245
900000.0,4812.0001349196245
