M.D_b.TA Time [a],M.D_b.TA TA [mol/kg]
0.0,0.0024025148490747
100000.0,0.002402515039264232
200000.0,0.0024025296474349577
300000.0,0.0024025162297925113
400000.0,0.0024025345719969164
500000.0,0.0024025293603310333
600000.0,0.002402512156891984
700000.0,0.002402515461611273
800000.0,0.002402510663336362
900000.0,0.0024025117923652554
