M.D_b.zsnow Time [a],M.D_b.zsnow zsnow [mol/kg]
0.0,4812.0001349196245
1710.0,4800.6047512850955
3420.0,3807.3821753283237
