M.D_b.zsnow Time [a],M.D_b.zsnow zsnow [mol/kg]
0.0,4812.000025768776
1920.0,4795.117633759862
3840.0,3551.9047996358418
