M.D_b.TA Time [a],M.D_b.TA TA [mol/kg]
0.0,0.002399
100000.0,0.0024025118107179107
200000.0,0.0024025100396093397
300000.0,0.002402522216284284
400000.0,0.0024025203585703154
500000.0,0.0024025083134678465
600000.0,0.002402505750087077
700000.0,0.0024025142723926554
800000.0,0.0024025120009989005
900000.0,0.0024025131021335974
