M.D_b.Hplus Time [a],M.D_b.Hplus Hplus [mol/kg]
0.0,1.2227200271311616e-08
1920.0,1.24044275852709e-08
3840.0,3.065264203485081e-08
