M.D_b.TA Time [a],M.D_b.TA TA [mol/kg]
0.0,0.0024025096982743
100000.0,0.0024025096108778268
200000.0,0.0024025245722243773
300000.0,0.002402510329090616
400000.0,0.0024025127826795456
500000.0,0.0024025138321998557
600000.0,0.002402514307384414
700000.0,0.0024025099160742878
800000.0,0.0024025195054164458
900000.0,0.0024025133623992107
