M.D_b.DIC Time [a],M.D_b.DIC DIC [mol/kg]
0.0,0.0022935628688881
100000.0,0.0022935625907421534
200000.0,0.0022935628519375347
300000.0,0.002293563754986244
400000.0,0.0022935617138465816
500000.0,0.002293562001549506
600000.0,0.0022935631507183395
700000.0,0.0022935608176699244
800000.0,0.0022935575176748703
900000.0,0.002293560720476849
