M.D_b.DIC Time [a],M.D_b.DIC DIC [mol/kg]
0.0,0.0022905838231294
1920.0,0.0022939993183970454
3840.0,0.002550489308348048
