M.D_b.DIC Time [a],M.D_b.DIC DIC [mol/kg]
0.0,0.0022935618569007
1710.0,0.002296952345627135
3420.0,0.0025296184350681998
