M.D_b.DIC Time [a],M.D_b.DIC DIC [mol/kg]
0.0,0.0022935417094519
100000.0,0.0022935381235442277
200000.0,0.0022935387661060513
300000.0,0.0022935386141733883
400000.0,0.002293538300747879
500000.0,0.002293539643982737
600000.0,0.0022935476633888746
700000.0,0.002293538373445489
800000.0,0.002293542371153823
900000.0,0.0022935388368711175
