M.D_b.zsnow Time [a],M.D_b.zsnow zsnow [mol/kg]
0.0,4812.000401862813
100000.0,4812.000401862813
200000.0,4812.000401862813
300000.0,4812.000401862813
400000.0,4812.000401862813
500000.0,4812.000401862813
600000.0,4812.000401862813
700000.0,4812.000401862813
800000.0,4812.000401862813
900000.0,4812.000401862813
