M.D_b.zsnow Time [a],M.D_b.zsnow zsnow [mol/kg]
0.0,4812.000230269113
1920.0,4797.258117114785
3840.0,3554.615975701783
