M.D_b.zsnow Time [a],M.D_b.zsnow zsnow [mol/kg]
0.0,4812.955277134619
100000.0,4812.99880532833
200000.0,4812.999967053614
300000.0,4812.004385138477
400000.0,4812.004385138477
500000.0,4812.004385138477
600000.0,4812.004385138477
700000.0,4812.004385138477
800000.0,4812.004385138477
900000.0,4812.004385138477
