M.D_b.TA Time [a],M.D_b.TA TA [mol/kg]
0.0,0.0024025111792006
1710.0,0.0024040610614888148
3420.0,0.002513618268613279
