M.D_b.TA Time [a],M.D_b.TA TA [mol/kg]
0.0,0.0024024938580956
100000.0,0.0024024875404057137
200000.0,0.00240248865857092
300000.0,0.002402488401609216
400000.0,0.0024024878386643797
500000.0,0.0024024902306770844
600000.0,0.002402504493747775
700000.0,0.0024024879649245795
800000.0,0.002402495066796733
900000.0,0.002402488783579494
