M.D_b.Hplus Time [a],M.D_b.Hplus Hplus [mol/kg]
0.0,1.2227201498588604e-08
100000.0,1.2227196630796198e-08
200000.0,1.2226714092868673e-08
300000.0,1.2227156303917454e-08
400000.0,1.222655474586661e-08
500000.0,1.2226725950546492e-08
600000.0,1.2227289974963866e-08
700000.0,1.2227181470399587e-08
800000.0,1.2227339036682545e-08
900000.0,1.2227301852464385e-08
