M.D_b.DIC Time [a],M.D_b.DIC DIC [mol/kg]
0.0,0.002293553935372
1710.0,0.002296930895955216
3420.0,0.0025296903368403805
