M.D_b.TA Time [a],M.D_b.TA TA [mol/kg]
0.0,0.002399
100000.0,0.0024024387331252565
200000.0,0.0024024387346642125
300000.0,0.0024024387346642125
400000.0,0.0024024387346642125
500000.0,0.0024024387346642125
600000.0,0.0024024387346642125
700000.0,0.0024024387346642125
800000.0,0.0024024387346642125
900000.0,0.0024024387346642125
