M.D_b.Hplus Time [a],M.D_b.Hplus Hplus [mol/kg]
0.0,1.2227621121392803e-08
100000.0,1.2227452188026204e-08
200000.0,1.2227330806433687e-08
300000.0,1.222734243639073e-08
400000.0,1.2227286364878023e-08
500000.0,1.222754846966734e-08
600000.0,1.2227333133552005e-08
700000.0,1.2227289069341454e-08
800000.0,1.2227665229087124e-08
900000.0,1.2227336640963381e-08
