M.D_b.zsnow Time [a],M.D_b.zsnow zsnow [mol/kg]
0.0,4812.000401864039
100000.0,4812.0004018669915
200000.0,4812.0004018669915
300000.0,4812.0004018669915
400000.0,4812.0004018669915
500000.0,4812.0004018669915
600000.0,4812.0004018669915
700000.0,4812.0004018669915
800000.0,4812.0004018669915
900000.0,4812.0004018669915
