M.D_b.DIC Time [a],M.D_b.DIC DIC [mol/kg]
0.0,0.002291
100000.0,0.002293553935072829
200000.0,0.0022935539353720357
300000.0,0.0022935539353720357
400000.0,0.0022935539353720357
500000.0,0.0022935539353720357
600000.0,0.0022935539353720357
700000.0,0.0022935539353720357
800000.0,0.0022935539353720357
900000.0,0.0022935539353720357
