M.D_b.TA Time [a],M.D_b.TA TA [mol/kg]
0.0,0.0024025020790601
100000.0,0.0024025072280265953
200000.0,0.0024025109076715834
300000.0,0.0024025105502416496
400000.0,0.0024025122669296137
500000.0,0.002402504293363805
600000.0,0.002402510834490884
700000.0,0.0024025122082714386
800000.0,0.0024025006656818097
900000.0,0.002402510734453301
