M.D_b.Hplus Time [a],M.D_b.Hplus Hplus [mol/kg]
0.0,1.2282487445131817e-08
1920.0,1.2500206676461544e-08
3840.0,3.10491746453132e-08
