M.D_b.DIC Time [a],M.D_b.DIC DIC [mol/kg]
0.0,0.0022935395362286
1920.0,0.0022973053695604134
3840.0,0.002556370806360384
