M.D_b.Hplus Time [a],M.D_b.Hplus Hplus [mol/kg]
0.0,1.2296279359816793e-08
100000.0,1.2227302050561388e-08
200000.0,1.22273591335202e-08
300000.0,1.2226959617122218e-08
400000.0,1.2227022945832122e-08
500000.0,1.2227415661360823e-08
600000.0,1.2227500641309613e-08
700000.0,1.2227221670913078e-08
800000.0,1.2227295089497386e-08
900000.0,1.2227258878395707e-08
