M.D_b.Hplus Time [a],M.D_b.Hplus Hplus [mol/kg]
0.0,1.2227808608921524e-08
1710.0,1.2382166590560754e-08
3420.0,3.042088450331914e-08
