M.D_b.TA Time [a],M.D_b.TA TA [mol/kg]
0.0,0.0024025104037561
1710.0,0.0024040341404640473
3420.0,0.0025135672662941998
