M.H_b.TA Time [a],M.H_b.TA TA [mol/kg]
0.0,0.0023471799152921
1920.0,0.00234850912747597
3840.0,0.002481984423253834
