M.H_b.DIC Time [a],M.H_b.DIC DIC [mol/kg]
0.0,0.0021506773969413
1710.0,0.0021553451514166287
3420.0,0.002411301408731075
