M.H_b.CO2aq Time [a],M.H_b.CO2aq CO2aq [mol/kg]
0.0,1.5753956844922187e-05
1920.0,1.633905551295992e-05
3840.0,4.484170188719277e-05
