M.H_b.TA Time [a],M.H_b.TA TA [mol/kg]
0.0,0.0023472020749517
100000.0,0.002347201581708673
200000.0,0.0023472020479796446
300000.0,0.0023472036445155654
400000.0,0.0023472000200600333
500000.0,0.0023472005370352065
600000.0,0.0023472025744177448
700000.0,0.002347198440563941
800000.0,0.0023471925906910626
900000.0,0.0023471982637015324
