M.H_b.CO2aq Time [a],M.H_b.CO2aq CO2aq [mol/kg]
0.0,1.5707605166072968e-05
1710.0,1.6021664802956874e-05
3420.0,4.743700054586937e-05
