M.H_b.TA Time [a],M.H_b.TA TA [mol/kg]
0.0,0.002345
100000.0,0.002347128616207021
200000.0,0.002347128617752453
300000.0,0.002347128617752453
400000.0,0.002347128617752453
500000.0,0.002347128617752453
600000.0,0.002347128617752453
700000.0,0.002347128617752453
800000.0,0.002347128617752453
900000.0,0.002347128617752453
