M.H_b.CO2aq Time [a],M.H_b.CO2aq CO2aq [mol/kg]
0.0,1.570683437260572e-05
1920.0,1.6261017873053022e-05
3840.0,4.438478799223916e-05
