M.H_b.CO2aq Time [a],M.H_b.CO2aq CO2aq [mol/kg]
0.0,1.5706677905703444e-05
100000.0,1.5706862186153877e-05
200000.0,1.570682691933817e-05
300000.0,1.5706836457654034e-05
400000.0,1.5706850839179478e-05
500000.0,1.5706785915759838e-05
600000.0,1.5706395505055235e-05
700000.0,1.570684679910154e-05
800000.0,1.57066508298729e-05
900000.0,1.5706823336621952e-05
