M.H_b.DIC Time [a],M.H_b.DIC DIC [mol/kg]
0.0,0.0021506550736143
1920.0,0.0021582887205137498
3840.0,0.002427319743489914
