M.H_b.DIC Time [a],M.H_b.DIC DIC [mol/kg]
0.0,0.0021743748935226
1920.0,0.0021812566653450103
3840.0,0.002449331741550846
