M.H_b.CO2aq Time [a],M.H_b.CO2aq CO2aq [mol/kg]
0.0,1.6102149534725788e-05
100000.0,1.570760518122337e-05
200000.0,1.5707605166072965e-05
300000.0,1.570760516607297e-05
400000.0,1.570760516607297e-05
500000.0,1.570760516607295e-05
600000.0,1.5707605166072958e-05
700000.0,1.570760516607297e-05
800000.0,1.5707605166072958e-05
900000.0,1.5707605166072965e-05
