M.H_b.DIC Time [a],M.H_b.DIC DIC [mol/kg]
0.0,0.0021506799069013
100000.0,0.0021506799823606845
200000.0,0.0021506882983795715
300000.0,0.002150680683388779
400000.0,0.002150691025853276
500000.0,0.002150688080678823
600000.0,0.002150678384802896
700000.0,0.002150680250879814
800000.0,0.002150677540909838
900000.0,0.0021506781810490573
