M.H_b.TA Time [a],M.H_b.TA TA [mol/kg]
0.0,0.002345
100000.0,0.002347201707617523
200000.0,0.0023471999088959476
300000.0,0.002347212084434745
400000.0,0.0023472102913198556
500000.0,0.0023471981750557707
600000.0,0.002347195640420098
700000.0,0.0023472041796165515
800000.0,0.002347201878401761
900000.0,0.002347202977190218
