M.H_b.TA Time [a],M.H_b.TA TA [mol/kg]
0.0,0.002345
100000.0,0.0023471862381081628
200000.0,0.002347186238638929
300000.0,0.002347186238638929
400000.0,0.002347186238638929
500000.0,0.002347186238638929
600000.0,0.002347186238638929
700000.0,0.002347186238638929
800000.0,0.002347186238638929
900000.0,0.002347186238638929
