M.H_b.Hplus Time [a],M.H_b.Hplus Hplus [mol/kg]
0.0,5.866721637336647e-09
100000.0,5.866727265592748e-09
200000.0,5.866721131342088e-09
300000.0,5.866704148707091e-09
400000.0,5.866744983602022e-09
500000.0,5.866739149326742e-09
600000.0,5.866716011723998e-09
700000.0,5.866762376683686e-09
800000.0,5.866828636849386e-09
900000.0,5.866765565109709e-09
