M.H_b.CO2aq Time [a],M.H_b.CO2aq CO2aq [mol/kg]
0.0,1.5707089042171616e-05
100000.0,1.5707077813735616e-05
200000.0,1.5706683104921392e-05
300000.0,1.5707049949191546e-05
400000.0,1.570653576532817e-05
500000.0,1.5706680630488475e-05
600000.0,1.5707163746076798e-05
700000.0,1.5707071604993386e-05
800000.0,1.5707205290038577e-05
900000.0,1.5707174302604536e-05
