M.H_b.Hplus Time [a],M.H_b.Hplus Hplus [mol/kg]
0.0,5.866750569753533e-09
100000.0,5.866750372933919e-09
200000.0,5.866581860613875e-09
300000.0,5.866742182541403e-09
400000.0,5.866714982669582e-09
500000.0,5.866703084193996e-09
600000.0,5.866697838690631e-09
700000.0,5.866747165169797e-09
800000.0,5.86663929287807e-09
900000.0,5.866708835874241e-09
