M.H_b.DIC Time [a],M.H_b.DIC DIC [mol/kg]
0.0,0.0021506770063831
100000.0,0.002150676938248028
200000.0,0.002150685394726227
300000.0,0.0021506773424778613
400000.0,0.0021506787362533183
500000.0,0.002150679328257297
600000.0,0.002150679598507227
700000.0,0.002150677114340106
800000.0,0.002150682536556498
900000.0,0.0021506790699004725
