M.H_b.CO2aq Time [a],M.H_b.CO2aq CO2aq [mol/kg]
0.0,1.570719096164206e-05
1710.0,1.6019880725170416e-05
3420.0,4.7433605588491874e-05
