M.H_b.TA Time [a],M.H_b.TA TA [mol/kg]
0.0,0.0023471919704107
100000.0,0.0023471971193589785
200000.0,0.0023472007808542964
300000.0,0.0023472004207925733
400000.0,0.0023472021443361204
500000.0,0.0023471941846566167
600000.0,0.0023472007056391433
700000.0,0.0023472021068383997
800000.0,0.002347190495622571
900000.0,0.002347200611815266
