M.H_b.DIC Time [a],M.H_b.DIC DIC [mol/kg]
0.0,0.0021506778324945
1710.0,0.0021553605763737927
3420.0,0.0024113396187458885
