M.H_b.DIC Time [a],M.H_b.DIC DIC [mol/kg]
0.0,0.0021506792876462
1710.0,0.002155346065711846
3420.0,0.0024113187863748203
