M.H_b.Hplus Time [a],M.H_b.Hplus Hplus [mol/kg]
0.0,5.8667040306492855e-09
1710.0,5.965126841070503e-09
3420.0,1.5353539580425805e-08
