M.H_b.Hplus Time [a],M.H_b.Hplus Hplus [mol/kg]
0.0,5.866605287730739e-09
100000.0,5.866679430167529e-09
200000.0,5.866665407951983e-09
300000.0,5.866669117143963e-09
400000.0,5.866675035747451e-09
500000.0,5.866648605696849e-09
600000.0,5.866489920287805e-09
700000.0,5.866673428511725e-09
800000.0,5.866593879810163e-09
900000.0,5.8666639624927956e-09
