M.H_b.TA Time [a],M.H_b.TA TA [mol/kg]
0.0,0.0023471837739288
100000.0,0.0023471774095571918
200000.0,0.002347178552597084
300000.0,0.002347178280852314
400000.0,0.002347177724781981
500000.0,0.0023471801057287317
600000.0,0.002347194312390118
700000.0,0.0023471778560415824
800000.0,0.0023471849400643605
900000.0,0.0023471786781299464
