M.H_b.TA Time [a],M.H_b.TA TA [mol/kg]
0.0,0.0023471783746225
1920.0,0.002349059776617035
3840.0,0.0024826965818249306
