M.H_b.CO2aq Time [a],M.H_b.CO2aq CO2aq [mol/kg]
0.0,1.5707234108577248e-05
100000.0,1.5707233056828556e-05
200000.0,1.5706817470851822e-05
300000.0,1.57072128083991e-05
400000.0,1.570714593725629e-05
500000.0,1.570711655623013e-05
600000.0,1.5707103670678674e-05
700000.0,1.5707225255584585e-05
800000.0,1.570695928496603e-05
900000.0,1.570713096081909e-05
