M.H_b.Hplus Time [a],M.H_b.Hplus Hplus [mol/kg]
0.0,5.866650625038904e-09
1920.0,6.0485288091024225e-09
3840.0,1.4300843025793701e-08
