M.H_b.Hplus Time [a],M.H_b.Hplus Hplus [mol/kg]
0.0,5.8857555768517885e-09
1920.0,6.074132246963657e-09
3840.0,1.4445160403675706e-08
