M.H_b.CO2aq Time [a],M.H_b.CO2aq CO2aq [mol/kg]
0.0,1.6091728196586122e-05
1920.0,1.6682101371094086e-05
3840.0,4.5451802534919266e-05
