M.H_b.TA Time [a],M.H_b.TA TA [mol/kg]
0.0,0.0023471862386389
1710.0,0.0023486430767353226
3420.0,0.0024565359365521988
