M.H_b.DIC Time [a],M.H_b.DIC DIC [mol/kg]
0.0,0.002153
100000.0,0.002150678172877791
200000.0,0.0021506771976880427
300000.0,0.002150684066869393
400000.0,0.002150682963636841
500000.0,0.0021506762226640307
600000.0,0.002150674760068911
700000.0,0.002150679552557777
800000.0,0.002150678296867622
900000.0,0.002150678919951529
