M.H_b.Hplus Time [a],M.H_b.Hplus Hplus [mol/kg]
0.0,5.866691879584444e-09
100000.0,5.866687719129672e-09
200000.0,5.866526943295554e-09
300000.0,5.8666760767976035e-09
400000.0,5.866467894354062e-09
500000.0,5.866526627349836e-09
600000.0,5.866722175802613e-09
700000.0,5.866684836924096e-09
800000.0,5.866739017415382e-09
900000.0,5.86672642794122e-09
