M.H_b.DIC Time [a],M.H_b.DIC DIC [mol/kg]
0.0,0.002153
100000.0,0.0021506694663871026
200000.0,0.002150669466683323
300000.0,0.0021506694666833235
400000.0,0.002150669466683323
500000.0,0.0021506694666833235
600000.0,0.0021506694666833235
700000.0,0.0021506694666833226
800000.0,0.0021506694666833235
900000.0,0.0021506694666833235
