M.H_b.Hplus Time [a],M.H_b.Hplus Hplus [mol/kg]
0.0,5.866668229811345e-09
1920.0,6.042321588699373e-09
3840.0,1.4277272903165253e-08
