M.H_b.CO2aq Time [a],M.H_b.CO2aq CO2aq [mol/kg]
0.0,1.5707212920056163e-05
1710.0,1.602062035265322e-05
3420.0,4.743710417017527e-05
