M.H_b.CO2aq Time [a],M.H_b.CO2aq CO2aq [mol/kg]
0.0,1.5706790817861603e-05
1920.0,1.626099581466559e-05
3840.0,4.438471144810587e-05
