M.H_b.TA Time [a],M.H_b.TA TA [mol/kg]
0.0,0.0023471799152921
1920.0,0.0023490604931969985
3840.0,0.002482697856106762
