M.H_b.DIC Time [a],M.H_b.DIC DIC [mol/kg]
0.0,0.002150678405146
100000.0,0.00215067812814418
200000.0,0.0021506783628410485
300000.0,0.002150679300655851
400000.0,0.0021506772477091086
500000.0,0.002150677540236
600000.0,0.002150678688099951
700000.0,0.0021506763396777237
800000.0,0.002150673037994021
900000.0,0.002150676279407526
