M.H_b.CO2aq Time [a],M.H_b.CO2aq CO2aq [mol/kg]
0.0,1.5707118940354755e-05
1710.0,1.6020570786074417e-05
3420.0,4.744247578298601e-05
