M.H_b.TA Time [a],M.H_b.TA TA [mol/kg]
0.0,0.0023471995661282
100000.0,0.002347199500798258
200000.0,0.002347214441703555
300000.0,0.002347200219776295
400000.0,0.0023472026619557242
500000.0,0.0023472037115006778
600000.0,0.002347204184026732
700000.0,0.0023471998012478523
800000.0,0.002347209374944871
900000.0,0.002347203233670892
