M.H_b.TA Time [a],M.H_b.TA TA [mol/kg]
0.0,0.002347203634891
1710.0,0.002348682547140159
3420.0,0.002456445869924614
