M.H_b.CO2aq Time [a],M.H_b.CO2aq CO2aq [mol/kg]
0.0,1.6102149534725788e-05
100000.0,1.5707170344481624e-05
200000.0,1.5707224325551106e-05
300000.0,1.5706883621857706e-05
400000.0,1.5706925363580756e-05
500000.0,1.5707273136932435e-05
600000.0,1.570734106188292e-05
700000.0,1.5707099792392398e-05
800000.0,1.5707168110112782e-05
900000.0,1.5707137654678645e-05
