M.H_b.Hplus Time [a],M.H_b.Hplus Hplus [mol/kg]
0.0,5.866650625038904e-09
1920.0,6.042312778124819e-09
3840.0,1.4277242870030759e-08
