M.H_b.Hplus Time [a],M.H_b.Hplus Hplus [mol/kg]
0.0,6.0000428047580905e-09
100000.0,5.866725050521307e-09
200000.0,5.866746622816149e-09
300000.0,5.866608636829475e-09
400000.0,5.866626213377901e-09
500000.0,5.866766368729642e-09
600000.0,5.8667941170624235e-09
700000.0,5.866696586379607e-09
800000.0,5.866723943122449e-09
900000.0,5.866711585350524e-09
