M.H_b.Hplus Time [a],M.H_b.Hplus Hplus [mol/kg]
0.0,6.0000428047580905e-09
100000.0,5.866901006458536e-09
200000.0,5.866901000346207e-09
300000.0,5.8669010003462086e-09
400000.0,5.8669010003462086e-09
500000.0,5.866901000346202e-09
600000.0,5.866901000346205e-09
700000.0,5.8669010003462086e-09
800000.0,5.866901000346203e-09
900000.0,5.866901000346205e-09
