M.H_b.Hplus Time [a],M.H_b.Hplus Hplus [mol/kg]
0.0,5.866742082246729e-09
1710.0,5.965146698506134e-09
3420.0,1.5351921578240288e-08
