M.H_b.TA Time [a],M.H_b.TA TA [mol/kg]
0.0,0.0023472010575734
1710.0,0.0023487076257569365
3420.0,0.0024564936138385305
