M.H_b.TA Time [a],M.H_b.TA TA [mol/kg]
0.0,0.0023472047222994
100000.0,0.0023472049497044087
200000.0,0.0023472194677017144
300000.0,0.0023472061058700715
400000.0,0.0023472244530973784
500000.0,0.0023472192478770438
600000.0,0.0023472020342970145
700000.0,0.002347205336703322
800000.0,0.002347200542421364
900000.0,0.002347201667510788
