M.H_b.DIC Time [a],M.H_b.DIC DIC [mol/kg]
0.0,0.0021506571969288
100000.0,0.0021506536735272823
200000.0,0.0021506542827637596
300000.0,0.0021506541504585073
400000.0,0.002150653823930481
500000.0,0.0021506551856894517
600000.0,0.0021506632780546055
700000.0,0.002150653894000579
800000.0,0.002150657915168602
900000.0,0.002150654352826441
