M.H_b.TA Time [a],M.H_b.TA TA [mol/kg]
0.0,0.0023454989147523
1920.0,0.002346260887336054
3840.0,0.0024772419613132393
