M.H_b.DIC Time [a],M.H_b.DIC DIC [mol/kg]
0.0,0.0021506694666833
1710.0,0.0021553233113545496
3420.0,0.0024113886442582765
