M.H_b.CO2aq Time [a],M.H_b.CO2aq CO2aq [mol/kg]
0.0,1.5707443661523488e-05
100000.0,1.570729953575442e-05
200000.0,1.5707199372971634e-05
300000.0,1.5707209794185686e-05
400000.0,1.570716066574561e-05
500000.0,1.5707381688038865e-05
600000.0,1.5707201739431872e-05
700000.0,1.570715895038901e-05
800000.0,1.5707492970967067e-05
900000.0,1.5707203568580616e-05
