M.H_b.TA Time [a],M.H_b.TA TA [mol/kg]
0.0,0.0023696535099706
1920.0,0.0023703960526409557
3840.0,0.002502839671769406
