M.H_b.TA Time [a],M.H_b.TA TA [mol/kg]
0.0,0.0023472002811174
1710.0,0.0023486808929228794
3420.0,0.002456442901579941
