M.H_b.DIC Time [a],M.H_b.DIC DIC [mol/kg]
0.0,0.0021497065708854
1920.0,0.002156655420157676
3840.0,0.002423547933263722
