M.H_b.Hplus Time [a],M.H_b.Hplus Hplus [mol/kg]
0.0,5.8669010003462086e-09
1710.0,5.965571834213705e-09
3420.0,1.5351336426428435e-08
