M.H_b.Hplus Time [a],M.H_b.Hplus Hplus [mol/kg]
0.0,5.8667332074337264e-09
1710.0,5.964845745064062e-09
3420.0,1.535055435954128e-08
