M.H_b.Hplus Time [a],M.H_b.Hplus Hplus [mol/kg]
0.0,5.866835678326424e-09
100000.0,5.866777309989432e-09
200000.0,5.866736560917331e-09
300000.0,5.866740754049123e-09
400000.0,5.866720928346716e-09
500000.0,5.866810579665767e-09
600000.0,5.866737498521407e-09
700000.0,5.866720453597002e-09
800000.0,5.866855009204249e-09
900000.0,5.866738302685283e-09
