M.H_b.Hplus Time [a],M.H_b.Hplus Hplus [mol/kg]
0.0,5.940576316124429e-09
1920.0,6.128675006017736e-09
3840.0,1.4487201185536307e-08
