M.H_b.DIC Time [a],M.H_b.DIC DIC [mol/kg]
0.0,0.0021506726884274
100000.0,0.002150675592933073
200000.0,0.0021506776836286664
300000.0,0.0021506774842422766
400000.0,0.0021506784468726327
500000.0,0.0021506739375468206
600000.0,0.0021506776440360625
700000.0,0.002150678395691268
800000.0,0.0021506719436874323
900000.0,0.0021506775824540678
