M.H_b.CO2aq Time [a],M.H_b.CO2aq CO2aq [mol/kg]
0.0,1.5707162369634103e-05
100000.0,1.57071762895248e-05
200000.0,1.5707160630272383e-05
300000.0,1.5707119368944187e-05
400000.0,1.570722004702544e-05
500000.0,1.570720565851725e-05
600000.0,1.5707148500425678e-05
700000.0,1.5707262688089648e-05
800000.0,1.5707426268392194e-05
900000.0,1.5707271275417095e-05
