M.H_b.DIC Time [a],M.H_b.DIC DIC [mol/kg]
0.0,0.0021506542092141
1920.0,0.002158288325026031
3840.0,0.0024273187758260747
