M.L_b.CO2aq Time [a],M.L_b.CO2aq CO2aq [mol/kg]
0.0,8.642124322094795e-06
100000.0,8.642118288609491e-06
200000.0,8.641919397901906e-06
300000.0,8.64210451337998e-06
400000.0,8.641844274502588e-06
500000.0,8.641917520623308e-06
600000.0,8.642162085672832e-06
700000.0,8.642115481008707e-06
800000.0,8.642183092559456e-06
900000.0,8.642167448589064e-06
