M.L_b.Hplus Time [a],M.L_b.Hplus Hplus [mol/kg]
0.0,5.450485180720441e-09
1920.0,5.607052336347186e-09
3840.0,1.2154124721628046e-08
