M.L_b.CO2aq Time [a],M.L_b.CO2aq CO2aq [mol/kg]
0.0,8.642197783175255e-06
100000.0,8.64219704270591e-06
200000.0,8.641986933698402e-06
300000.0,8.642186787683309e-06
400000.0,8.642153056487043e-06
500000.0,8.642138188575676e-06
600000.0,8.642131692802394e-06
700000.0,8.642193139149098e-06
800000.0,8.642058695400626e-06
900000.0,8.642145552337077e-06
