M.L_b.DIC Time [a],M.L_b.DIC DIC [mol/kg]
0.0,0.0019400020272145
100000.0,0.001940001963266828
200000.0,0.0019400085749131837
300000.0,0.0019400022783449197
400000.0,0.0019400033720144275
500000.0,0.0019400038341776673
600000.0,0.001940004046422737
700000.0,0.001940002102994532
800000.0,0.0019400063435235579
900000.0,0.0019400036362912823
