M.L_b.DIC Time [a],M.L_b.DIC DIC [mol/kg]
0.0,0.001952
100000.0,0.001939996133282011
200000.0,0.0019399961335121697
300000.0,0.0019399961335121695
400000.0,0.0019399961335121695
500000.0,0.0019399961335121692
600000.0,0.0019399961335121697
700000.0,0.0019399961335121697
800000.0,0.0019399961335121695
900000.0,0.0019399961335121695
