M.L_b.DIC Time [a],M.L_b.DIC DIC [mol/kg]
0.0,0.0019400038033603
1710.0,0.001945343729774658
3420.0,0.0022377051678733866
