M.L_b.DIC Time [a],M.L_b.DIC DIC [mol/kg]
0.0,0.0019400042888071
100000.0,0.00194000432955003
200000.0,0.0019400108651591056
300000.0,0.001940004893654799
400000.0,0.0019400129656204077
500000.0,0.0019400106632622054
600000.0,0.001940003098526962
700000.0,0.0019400045564633701
800000.0,0.0019400024389061782
900000.0,0.001940002940529952
