M.L_b.Hplus Time [a],M.L_b.Hplus Hplus [mol/kg]
0.0,5.4001320155316795e-09
1920.0,5.547984788264264e-09
3840.0,1.2035508232926066e-08
