M.L_b.DIC Time [a],M.L_b.DIC DIC [mol/kg]
0.0,0.0019399804234522
1920.0,0.0019488109243683345
3840.0,0.0022495283004560105
