M.L_b.Hplus Time [a],M.L_b.Hplus Hplus [mol/kg]
0.0,5.415327768760616e-09
1920.0,5.5731298169711295e-09
3840.0,1.2167424657260864e-08
