M.L_b.Hplus Time [a],M.L_b.Hplus Hplus [mol/kg]
0.0,5.400197986519187e-09
1710.0,5.480720587331122e-09
3420.0,1.2899983316522679e-08
