M.L_b.DIC Time [a],M.L_b.DIC DIC [mol/kg]
0.0,0.0019399986447797
100000.0,0.001940000912317003
200000.0,0.001940002553128478
300000.0,0.001940002398747005
400000.0,0.0019400031469837217
500000.0,0.001939999619986093
600000.0,0.0019400025231856729
700000.0,0.0019400030966976681
800000.0,0.001939998093353172
900000.0,0.0019400024721575833
