M.L_b.CO2aq Time [a],M.L_b.CO2aq CO2aq [mol/kg]
0.0,8.64198084694801e-06
1920.0,8.947493059073087e-06
3840.0,2.3808718365611547e-05
