M.L_b.TA Time [a],M.L_b.TA TA [mol/kg]
0.0,0.0022808299332807
100000.0,0.0022808294397191034
200000.0,0.002280829913182608
300000.0,0.0022808315002244466
400000.0,0.0022808278752661317
500000.0,0.002280828394688595
600000.0,0.0022808304324338953
700000.0,0.002280826302859582
800000.0,0.002280820453457129
900000.0,0.0022808261159452336
