M.L_b.DIC Time [a],M.L_b.DIC DIC [mol/kg]
0.0,0.0019728038446966
1920.0,0.0019812855097233796
3840.0,0.0022824110815698488
