M.L_b.CO2aq Time [a],M.L_b.CO2aq CO2aq [mol/kg]
0.0,8.641901284223464e-06
100000.0,8.641994979033926e-06
200000.0,8.641976896607374e-06
300000.0,8.641981862943463e-06
400000.0,8.641989057431127e-06
500000.0,8.641956326186341e-06
600000.0,8.64175929099456e-06
700000.0,8.641986984003773e-06
800000.0,8.641887985300056e-06
900000.0,8.641975078664324e-06
