M.L_b.Hplus Time [a],M.L_b.Hplus Hplus [mol/kg]
0.0,5.400331432206948e-09
1710.0,5.481295404414345e-09
3420.0,1.2900621921578261e-08
