M.L_b.CO2aq Time [a],M.L_b.CO2aq CO2aq [mol/kg]
0.0,8.879759857156777e-06
1920.0,9.203349367400086e-06
3840.0,2.4401944747698183e-05
