M.L_b.TA Time [a],M.L_b.TA TA [mol/kg]
0.0,0.0022808116454514
100000.0,0.0022808052642337307
200000.0,0.0022808064162501266
300000.0,0.0022808061391736078
400000.0,0.0022808055856252847
500000.0,0.0022808079625407317
600000.0,0.002280822148889793
700000.0,0.0022808057186448003
800000.0,0.0022808127962339435
900000.0,0.002280806541972188
