M.L_b.DIC Time [a],M.L_b.DIC DIC [mol/kg]
0.0,0.0019400023278696
1710.0,0.0019453430244744969
3420.0,0.0022376841670352695
