M.L_b.TA Time [a],M.L_b.TA TA [mol/kg]
0.0,0.0022808325784536
100000.0,0.0022808328192807535
200000.0,0.002280847304786118
300000.0,0.002280833963051429
400000.0,0.0022808523120873003
500000.0,0.0022808471091880257
600000.0,0.002280829891956439
700000.0,0.0022808331935298617
800000.0,0.0022808284006857306
900000.0,0.0022808295243565975
