M.L_b.TA Time [a],M.L_b.TA TA [mol/kg]
0.0,0.002288
100000.0,0.002280814097813247
200000.0,0.0022808140983448175
300000.0,0.0022808140983448175
400000.0,0.0022808140983448175
500000.0,0.0022808140983448175
600000.0,0.0022808140983448175
700000.0,0.0022808140983448175
800000.0,0.0022808140983448175
900000.0,0.0022808140983448175
