M.L_b.Hplus Time [a],M.L_b.Hplus Hplus [mol/kg]
0.0,5.400095784437969e-09
100000.0,5.4001549699861015e-09
200000.0,5.400143704022665e-09
300000.0,5.400146720851842e-09
400000.0,5.400151390711618e-09
500000.0,5.4001304241057915e-09
600000.0,5.400004451690482e-09
700000.0,5.4001500969179195e-09
800000.0,5.4000869016404075e-09
900000.0,5.400142551899907e-09
