M.L_b.CO2aq Time [a],M.L_b.CO2aq CO2aq [mol/kg]
0.0,8.642139412387646e-06
1710.0,8.81078031208435e-06
3420.0,2.5465388812783277e-05
