M.L_b.DIC Time [a],M.L_b.DIC DIC [mol/kg]
0.0,0.001952
100000.0,0.001940002923570698
200000.0,0.001940002175858772
300000.0,0.0019400075388891413
400000.0,0.0019400066460242946
500000.0,0.0019400014142031785
600000.0,0.0019400002625798633
700000.0,0.001940003995590631
800000.0,0.0019400030298776473
900000.0,0.001940003517430271
