M.L_b.CO2aq Time [a],M.L_b.CO2aq CO2aq [mol/kg]
0.0,8.64230360179639e-06
100000.0,8.642230669940017e-06
200000.0,8.642180153194357e-06
300000.0,8.642185451422873e-06
400000.0,8.642160526918467e-06
500000.0,8.642272241860055e-06
600000.0,8.642181369611214e-06
700000.0,8.642159459015536e-06
800000.0,8.642329134133435e-06
900000.0,8.642182237461529e-06
