M.L_b.DIC Time [a],M.L_b.DIC DIC [mol/kg]
0.0,0.0019399820627582
100000.0,0.001939979335050814
200000.0,0.001939979798415602
300000.0,0.0019399797023434535
400000.0,0.001939979442477017
500000.0,0.001939980512534482
600000.0,0.0019399868570086274
700000.0,0.0019399794963438858
800000.0,0.0019399826442785919
900000.0,0.0019399798528548032
