M.L_b.TA Time [a],M.L_b.TA TA [mol/kg]
0.0,0.002288
100000.0,0.0022807564759105728
200000.0,0.002280756477458341
300000.0,0.0022807564774583416
400000.0,0.0022807564774583416
500000.0,0.002280756477458341
600000.0,0.0022807564774583416
700000.0,0.002280756477458341
800000.0,0.0022807564774583416
900000.0,0.0022807564774583416
