M.L_b.CO2aq Time [a],M.L_b.CO2aq CO2aq [mol/kg]
0.0,8.641958775755202e-06
1920.0,8.955135862291994e-06
3840.0,2.3843045978043816e-05
