M.L_b.Hplus Time [a],M.L_b.Hplus Hplus [mol/kg]
0.0,5.4002118448342e-09
100000.0,5.400211589187803e-09
200000.0,5.400077640867701e-09
300000.0,5.400205070326081e-09
400000.0,5.400183486083055e-09
500000.0,5.400174021629446e-09
600000.0,5.40016986101084e-09
700000.0,5.400209058697157e-09
800000.0,5.4001233237324445e-09
900000.0,5.400178632254889e-09
