M.L_b.TA Time [a],M.L_b.TA TA [mol/kg]
0.0,0.002314640516863
1920.0,0.0023153784873378037
3840.0,0.0024478820374868593
