M.L_b.Hplus Time [a],M.L_b.Hplus Hplus [mol/kg]
0.0,5.400165136139755e-09
100000.0,5.400161659558382e-09
200000.0,5.400034176414032e-09
300000.0,5.400152553564841e-09
400000.0,5.399986937674403e-09
500000.0,5.400033626843547e-09
600000.0,5.400189215975587e-09
700000.0,5.400159525953026e-09
800000.0,5.4002026047653135e-09
900000.0,5.400192608249477e-09
