M.L_b.TA Time [a],M.L_b.TA TA [mol/kg]
0.0,0.0022808274203365
100000.0,0.0022808273629643435
200000.0,0.0022808422965090104
300000.0,0.002280828082223861
400000.0,0.002280830520288925
500000.0,0.002280831569842748
600000.0,0.0022808320414115083
700000.0,0.0022808276617046494
800000.0,0.002280837229768057
900000.0,0.002280831089121772
