M.L_b.Hplus Time [a],M.L_b.Hplus Hplus [mol/kg]
0.0,5.400279436857432e-09
100000.0,5.400233009330249e-09
200000.0,5.400200676974467e-09
300000.0,5.400204024089007e-09
400000.0,5.400188223711556e-09
500000.0,5.400259473024603e-09
600000.0,5.400201431792161e-09
700000.0,5.4001877509909945e-09
800000.0,5.4002950891618e-09
900000.0,5.400202043890584e-09
