M.L_b.Hplus Time [a],M.L_b.Hplus Hplus [mol/kg]
0.0,5.512276590001724e-09
100000.0,5.40085107420369e-09
200000.0,5.40085106001583e-09
300000.0,5.40085106001583e-09
400000.0,5.400851060015832e-09
500000.0,5.400851060015832e-09
600000.0,5.400851060015831e-09
700000.0,5.400851060015832e-09
800000.0,5.40085106001583e-09
900000.0,5.400851060015832e-09
