M.L_b.TA Time [a],M.L_b.TA TA [mol/kg]
0.0,0.0022808198330917
100000.0,0.002280824982033469
200000.0,0.0022808286369933217
300000.0,0.0022808282759836963
400000.0,0.0022808300019960762
500000.0,0.0022808220473168562
600000.0,0.002280828561045587
700000.0,0.0022808299721300725
800000.0,0.002280818336149142
900000.0,0.0022808284694591876
