M.L_b.DIC Time [a],M.L_b.DIC DIC [mol/kg]
0.0,0.0019399961335121
1710.0,0.0019453258543799955
3420.0,0.002237766493994732
