M.L_b.Hplus Time [a],M.L_b.Hplus Hplus [mol/kg]
0.0,5.4001320155316795e-09
1920.0,5.55289459019547e-09
3840.0,1.2054058683523059e-08
