M.L_b.TA Time [a],M.L_b.TA TA [mol/kg]
0.0,0.0022791267744582
1920.0,0.0022798808381105434
3840.0,0.002410368348441958
