M.L_b.TA Time [a],M.L_b.TA TA [mol/kg]
0.0,0.0022808314925598
1710.0,0.0022822949705544665
3420.0,0.0023894143473611757
