M.L_b.TA Time [a],M.L_b.TA TA [mol/kg]
0.0,0.0022808140983448
1710.0,0.002282255610577881
3420.0,0.0023895037551839153
