M.L_b.DIC Time [a],M.L_b.DIC DIC [mol/kg]
0.0,0.001940002666883
1710.0,0.0019453551359099785
3420.0,0.002237717375837662
