M.L_b.TA Time [a],M.L_b.TA TA [mol/kg]
0.0,0.002280807773307
1920.0,0.002282121940204261
3840.0,0.0024151068158289653
