M.L_b.TA Time [a],M.L_b.TA TA [mol/kg]
0.0,0.0022808281387617
1710.0,0.002282293310325598
3420.0,0.002389411383276634
