M.L_b.TA Time [a],M.L_b.TA TA [mol/kg]
0.0,0.002288
100000.0,0.0022808295723075024
200000.0,0.0022808277636212513
300000.0,0.0022808399387617474
400000.0,0.002280838168946949
500000.0,0.002280826026915507
600000.0,0.00228082350273473
700000.0,0.002280832048032241
800000.0,0.002280829736060405
900000.0,0.002280830834004008
