M.L_b.TA Time [a],M.L_b.TA TA [mol/kg]
0.0,0.0022808289155812
1710.0,0.0022823199529624395
3420.0,0.0023894619911319502
