M.L_b.CO2aq Time [a],M.L_b.CO2aq CO2aq [mol/kg]
0.0,8.897341348808275e-06
100000.0,8.643201698768205e-06
200000.0,8.643201676380557e-06
300000.0,8.643201676380557e-06
400000.0,8.64320167638056e-06
500000.0,8.643201676380559e-06
600000.0,8.643201676380557e-06
700000.0,8.643201676380562e-06
800000.0,8.643201676380557e-06
900000.0,8.643201676380559e-06
