M.L_b.CO2aq Time [a],M.L_b.CO2aq CO2aq [mol/kg]
0.0,8.641958775755202e-06
1920.0,8.947481816541936e-06
3840.0,2.380867835649369e-05
