M.L_b.DIC Time [a],M.L_b.DIC DIC [mol/kg]
0.0,0.0019392401208734
1920.0,0.001947776663195414
3840.0,0.002246792778110475
