M.L_b.Hplus Time [a],M.L_b.Hplus Hplus [mol/kg]
0.0,5.400188779423152e-09
100000.0,5.400193260199851e-09
200000.0,5.400188291196988e-09
300000.0,5.400174900788657e-09
400000.0,5.400207365103302e-09
500000.0,5.400202717216618e-09
600000.0,5.400184308521998e-09
700000.0,5.400221135672197e-09
800000.0,5.400273834847677e-09
900000.0,5.400223796948809e-09
