M.L_b.Hplus Time [a],M.L_b.Hplus Hplus [mol/kg]
0.0,5.400174782752759e-09
1710.0,5.4809430093652955e-09
3420.0,1.2902329721510185e-08
