M.L_b.CO2aq Time [a],M.L_b.CO2aq CO2aq [mol/kg]
0.0,8.642186975593679e-06
1710.0,8.810805560899542e-06
3420.0,2.5462527229378693e-05
