M.L_b.CO2aq Time [a],M.L_b.CO2aq CO2aq [mol/kg]
0.0,8.642175848576992e-06
1710.0,8.810432969627928e-06
3420.0,2.5460696467662385e-05
