M.L_b.CO2aq Time [a],M.L_b.CO2aq CO2aq [mol/kg]
0.0,8.64238540482406e-06
1710.0,8.811331502661924e-06
3420.0,2.5462569956302685e-05
