M.L_b.CO2aq Time [a],M.L_b.CO2aq CO2aq [mol/kg]
0.0,8.665827781111073e-06
1920.0,8.98673623111676e-06
3840.0,2.4048673164837675e-05
