M.L_b.DIC Time [a],M.L_b.DIC DIC [mol/kg]
0.0,0.0019399804234522
1920.0,0.0019490659827076423
3840.0,0.0022499133412538863
