M.L_b.CO2aq Time [a],M.L_b.CO2aq CO2aq [mol/kg]
0.0,8.642161371873627e-06
100000.0,8.642168423977355e-06
200000.0,8.642160311424327e-06
300000.0,8.642139679841916e-06
400000.0,8.642190579264438e-06
500000.0,8.642183294795867e-06
600000.0,8.642154361708894e-06
700000.0,8.642212033675964e-06
800000.0,8.642294798146792e-06
900000.0,8.642216642065715e-06
