M.L_b.Hplus Time [a],M.L_b.Hplus Hplus [mol/kg]
0.0,5.512276590001724e-09
100000.0,5.400191415028913e-09
200000.0,5.400208698870057e-09
300000.0,5.400098945242427e-09
400000.0,5.400112635587595e-09
500000.0,5.40022442228641e-09
600000.0,5.400246382520622e-09
700000.0,5.4001687273156375e-09
800000.0,5.400190621755423e-09
900000.0,5.400180802477272e-09
