M.L_b.DIC Time [a],M.L_b.DIC DIC [mol/kg]
0.0,0.0019399797502115
1920.0,0.0019490656785575318
3840.0,0.002249912501481283
