M.L_b.DIC Time [a],M.L_b.DIC DIC [mol/kg]
0.0,0.0019400031135259
100000.0,0.0019400028976918424
200000.0,0.0019400030711729701
300000.0,0.0019400038161007565
400000.0,0.0019400022086170417
500000.0,0.0019400024391863523
600000.0,0.0019400033348391831
700000.0,0.0019400014957952512
800000.0,0.001939998917571812
900000.0,0.0019400014623179361
