M.L_b.Hplus Time [a],M.L_b.Hplus Hplus [mol/kg]
0.0,5.400146033700449e-09
1920.0,5.5479918199034455e-09
3840.0,1.2035531823663628e-08
