M.L_b.CO2aq Time [a],M.L_b.CO2aq CO2aq [mol/kg]
0.0,8.897341348808275e-06
100000.0,8.642165240614553e-06
200000.0,8.642192819049952e-06
300000.0,8.642020420418035e-06
400000.0,8.642040932294649e-06
500000.0,8.642217545758842e-06
600000.0,8.64225169270909e-06
700000.0,8.64212944103189e-06
800000.0,8.642164294027642e-06
900000.0,8.642148904462704e-06
