M.L_b.Hplus Time [a],M.L_b.Hplus Hplus [mol/kg]
0.0,5.4002050525616654e-09
1710.0,5.480958866365337e-09
3420.0,1.2901055983315466e-08
