M.L_b.TA Time [a],M.L_b.TA TA [mol/kg]
0.0,0.0022808062314285
1920.0,0.0022826706896606178
3840.0,0.00241581836377514
