M.CO2_At Time [a],M.CO2_At CO2 [mol/kg]
0.0,0.0002699097204238
1710.0,0.0002753327443793937
3420.0,0.0008057775458564578
