M.CO2_At Time [a],M.CO2_At CO2 [mol/kg]
0.0,0.00028
100000.0,0.00027586906465920137
200000.0,0.0002758690639290912
300000.0,0.0002758690639290912
400000.0,0.0002758690639290913
500000.0,0.0002758690639290913
600000.0,0.0002758690639290912
700000.0,0.00027586906392909133
800000.0,0.0002758690639290912
900000.0,0.0002758690639290913
