M.D_b.Hplus Time [a],M.D_b.Hplus Hplus [mol/kg]
0.0,1.2296279359816793e-08
100000.0,1.2229699428422441e-08
200000.0,1.2229699378157751e-08
300000.0,1.2229699378157754e-08
400000.0,1.2229699378157756e-08
500000.0,1.2229699378157753e-08
600000.0,1.2229699378157756e-08
700000.0,1.2229699378157751e-08
800000.0,1.2229699378157756e-08
900000.0,1.2229699378157754e-08
