M.D_b.DIC Time [a],M.D_b.DIC DIC [mol/kg]
0.0,0.0022950615409516
1710.0,0.0022984722116449075
3420.0,0.0025325182276072673
