M.D_b.zsnow Time [a],M.D_b.zsnow zsnow [mol/kg]
0.0,4812.00001092433
1710.0,4800.333084202668
3420.0,3802.0959267809426
