M.D_b.TA Time [a],M.D_b.TA TA [mol/kg]
0.0,0.0024039107651077
1710.0,0.002405448166178143
3420.0,0.002515579400602292
