M.D_b.Hplus Time [a],M.D_b.Hplus Hplus [mol/kg]
0.0,1.2238131339713756e-08
1710.0,1.2392348341943807e-08
3420.0,3.0617473556708564e-08
