M.H_b.TA Time [a],M.H_b.TA TA [mol/kg]
0.0,0.002348600648196
1710.0,0.0023500949329148535
3420.0,0.002458452450227092
