M.H_b.CO2aq Time [a],M.H_b.CO2aq CO2aq [mol/kg]
0.0,1.6102149534725788e-05
100000.0,1.5709218293184505e-05
200000.0,1.5709218249064683e-05
300000.0,1.5709218249064676e-05
400000.0,1.5709218249064686e-05
500000.0,1.5709218249064683e-05
600000.0,1.5709218249064676e-05
700000.0,1.5709218249064686e-05
800000.0,1.570921824906468e-05
900000.0,1.5709218249064683e-05
