M.H_b.Hplus Time [a],M.H_b.Hplus Hplus [mol/kg]
0.0,5.871982193237342e-09
1710.0,5.970810146761165e-09
3420.0,1.5433651823656104e-08
