M.H_b.DIC Time [a],M.H_b.DIC DIC [mol/kg]
0.0,0.002153
100000.0,0.002150636961946934
200000.0,0.0021506369628094646
300000.0,0.0021506369628094646
400000.0,0.002150636962809465
500000.0,0.0021506369628094646
600000.0,0.0021506369628094646
700000.0,0.0021506369628094646
800000.0,0.0021506369628094646
900000.0,0.002150636962809465
