M.H_b.DIC Time [a],M.H_b.DIC DIC [mol/kg]
0.0,0.0021521770722629
1710.0,0.0021568687215403003
3420.0,0.002414025639026916
