M.H_b.Hplus Time [a],M.H_b.Hplus Hplus [mol/kg]
0.0,6.0000428047580905e-09
100000.0,5.867554290678642e-09
200000.0,5.867554272878509e-09
300000.0,5.867554272878508e-09
400000.0,5.86755427287851e-09
500000.0,5.867554272878509e-09
600000.0,5.867554272878508e-09
700000.0,5.867554272878511e-09
800000.0,5.867554272878507e-09
900000.0,5.867554272878509e-09
