M.H_b.CO2aq Time [a],M.H_b.CO2aq CO2aq [mol/kg]
0.0,1.573301949189104e-05
1710.0,1.6048031809530564e-05
3420.0,4.774503064017991e-05
