M.L_b.CO2aq Time [a],M.L_b.CO2aq CO2aq [mol/kg]
0.0,8.637767120587519e-06
1710.0,8.806812889759352e-06
3420.0,2.5564297749907013e-05
