M.L_b.TA Time [a],M.L_b.TA TA [mol/kg]
0.0,0.0022822285079018
1710.0,0.0022837073363092793
3420.0,0.0023914199618336116
