M.L_b.DIC Time [a],M.L_b.DIC DIC [mol/kg]
0.0,0.001941004851304
1710.0,0.0019463719719478474
3420.0,0.0022401206236148975
