M.L_b.DIC Time [a],M.L_b.DIC DIC [mol/kg]
0.0,0.001952
100000.0,0.001939970757571868
200000.0,0.0019399707582420324
300000.0,0.001939970758242032
400000.0,0.0019399707582420322
500000.0,0.0019399707582420324
600000.0,0.0019399707582420322
700000.0,0.0019399707582420324
800000.0,0.0019399707582420324
900000.0,0.0019399707582420322
