M.L_b.Hplus Time [a],M.L_b.Hplus Hplus [mol/kg]
0.0,5.395239129901513e-09
1710.0,5.4761375906115254e-09
3420.0,1.2936978226194964e-08
