M.D_b.Hplus Time [a],M.D_b.Hplus Hplus [mol/kg]
980000.0,1.2227366642425523e-08
990000.0,1.2227347467186942e-08
