M.D_b.TA Time [a],M.D_b.TA TA [mol/kg]
980000.0,0.0024024387346642125
990000.0,0.0024024387346642125
