M.L_b.DIC Time [a],M.L_b.DIC DIC [mol/kg]
980000.0,0.001940002063945183
990000.0,0.001940002327869696
