M.L_b.DIC Time [a],M.L_b.DIC DIC [mol/kg]
980000.0,0.0019399961335121695
990000.0,0.0019399961335121695
