M.H_b.TA Time [a],M.H_b.TA TA [mol/kg]
980000.0,0.002347199715627723
990000.0,0.0023472002811174833
