M.D_b.TA Time [a],M.D_b.TA TA [mol/kg]
980000.0,0.0024024963555506888
990000.0,0.0024024963555506888
