M.H_b.DIC Time [a],M.H_b.DIC DIC [mol/kg]
980000.0,0.0021506770648444485
990000.0,0.0021506773969413398
