M.H_b.DIC Time [a],M.H_b.DIC DIC [mol/kg]
980000.0,0.002150669466683323
990000.0,0.002150669466683323
