M.L_b.Hplus Time [a],M.L_b.Hplus Hplus [mol/kg]
980000.0,5.4002097983492844e-09
990000.0,5.400205052561665e-09
