M.H_b.Hplus Time [a],M.H_b.Hplus Hplus [mol/kg]
980000.0,5.8669010003462086e-09
990000.0,5.8669010003462086e-09
