M.D_b.TA Time [a],M.D_b.TA TA [mol/kg]
980000.0,0.0024025098295933794
990000.0,0.0024025104037561566
