M.D_b.Hplus Time [a],M.D_b.Hplus Hplus [mol/kg]
980000.0,1.2227808608921526e-08
990000.0,1.2227808608921524e-08
