M.CO2_At Time [a],M.CO2_At CO2 [mol/kg]
980000.0,0.0002758424608286669
990000.0,0.0002758424608286669
