M.H_b.Hplus Time [a],M.H_b.Hplus Hplus [mol/kg]
980000.0,5.8667480998505455e-09
990000.0,5.866742082246729e-09
