M.L_b.CO2aq Time [a],M.L_b.CO2aq CO2aq [mol/kg]
980000.0,8.642194288089114e-06
990000.0,8.642186975593679e-06
