M.D_b.Hplus Time [a],M.D_b.Hplus Hplus [mol/kg]
980000.0,1.222716358217762e-08
990000.0,1.2227200271311616e-08
