M.H_b.CO2aq Time [a],M.H_b.CO2aq CO2aq [mol/kg]
980000.0,1.570721916875166e-05
990000.0,1.570719096164206e-05
