M.CO2_At Time [a],M.CO2_At CO2 [mol/kg]
980000.0,0.00027583609415848077
990000.0,0.0002758356315157746
