M.L_b.TA Time [a],M.L_b.TA TA [mol/kg]
980000.0,0.0022808175639880313
990000.0,0.0022808281224593425
