M.H_b.DIC Time [a],M.H_b.DIC DIC [mol/kg]
980000.0,0.002150677236979784
990000.0,0.0021506778324945188
