M.H_b.CO2aq Time [a],M.H_b.CO2aq CO2aq [mol/kg]
980000.0,1.5707515000930485e-05
990000.0,1.5707213194074547e-05
