M.H_b.DIC Time [a],M.H_b.DIC DIC [mol/kg]
980000.0,0.0021506715136391705
990000.0,0.0021506773853002866
