M.D_b.DIC Time [a],M.D_b.DIC DIC [mol/kg]
980000.0,0.00229356075850936
990000.0,0.0022935594552476804
