M.D_b.TA Time [a],M.D_b.TA TA [mol/kg]
980000.0,0.002402510246019764
990000.0,0.0024025072355630143
