M.D_b.DIC Time [a],M.D_b.DIC DIC [mol/kg]
980000.0,0.0022935393238368153
990000.0,0.0022935386674861457
