M.L_b.TA Time [a],M.L_b.TA TA [mol/kg]
980000.0,0.0022808281422597907
990000.0,0.0022808295883193696
