M.H_b.Hplus Time [a],M.H_b.Hplus Hplus [mol/kg]
980000.0,5.866744700185222e-09
990000.0,5.866733207433726e-09
