M.CO2_At Time [a],M.CO2_At CO2 [mol/kg]
980000.0,0.00027582949779174224
990000.0,0.0002758286792851751
