M.D_b.DIC Time [a],M.D_b.DIC DIC [mol/kg]
980000.0,0.002292591039574122
990000.0,0.002292591039574122
