M.D_b.Hplus Time [a],M.D_b.Hplus Hplus [mol/kg]
980000.0,1.2227191535877138e-08
990000.0,1.2227121370940869e-08
