M.H_b.Hplus Time [a],M.H_b.Hplus Hplus [mol/kg]
980000.0,5.866665056844507e-09
990000.0,5.866640811495318e-09
