M.D_b.Hplus Time [a],M.D_b.Hplus Hplus [mol/kg]
980000.0,1.2227208123002762e-08
990000.0,1.2227149957084181e-08
