M.D_b.DIC Time [a],M.D_b.DIC DIC [mol/kg]
980000.0,0.0022935559068106566
990000.0,0.0022935618472735286
