M.D_b.zsnow Time [a],M.D_b.zsnow zsnow [mol/kg]
980000.0,4812.955277134746
990000.0,4812.955277134746
