M.H_b.CO2aq Time [a],M.H_b.CO2aq CO2aq [mol/kg]
980000.0,1.5706840447723553e-05
990000.0,1.5706790817861603e-05
