M.D_b.TA Time [a],M.D_b.TA TA [mol/kg]
980000.0,0.0024025084462583716
990000.0,0.0024025061359216563
