M.H_b.TA Time [a],M.H_b.TA TA [mol/kg]
980000.0,0.002347201498472309
990000.0,0.0023472036348910845
