M.L_b.Hplus Time [a],M.L_b.Hplus Hplus [mol/kg]
980000.0,5.400206161610892e-09
990000.0,5.4002329538812e-09
