M.CO2_At Time [a],M.CO2_At CO2 [mol/kg]
980000.0,0.00027583598710273895
990000.0,0.000275835318900312
