M.H_b.TA Time [a],M.H_b.TA TA [mol/kg]
980000.0,0.0023472000186741185
990000.0,0.0023472010575734097
