M.L_b.CO2aq Time [a],M.L_b.CO2aq CO2aq [mol/kg]
980000.0,8.642186760606339e-06
990000.0,8.642166258454501e-06
