M.H_b.Hplus Time [a],M.H_b.Hplus Hplus [mol/kg]
980000.0,5.8667435168726554e-09
990000.0,5.866777238785581e-09
