M.D_b.DIC Time [a],M.D_b.DIC DIC [mol/kg]
980000.0,0.0022935618584998996
990000.0,0.0022935626743007184
