M.L_b.CO2aq Time [a],M.L_b.CO2aq CO2aq [mol/kg]
980000.0,8.642340314118424e-06
990000.0,8.642187100022693e-06
