M.L_b.DIC Time [a],M.L_b.DIC DIC [mol/kg]
980000.0,0.001940002258630787
990000.0,0.0019400009159359663
