M.L_b.Hplus Time [a],M.L_b.Hplus Hplus [mol/kg]
980000.0,5.400222121910414e-09
990000.0,5.400242956172397e-09
