M.L_b.CO2aq Time [a],M.L_b.CO2aq CO2aq [mol/kg]
980000.0,8.642213598528894e-06
990000.0,8.642246327349183e-06
