M.CO2_At Time [a],M.CO2_At CO2 [mol/kg]
980000.0,0.00027583604846018086
990000.0,0.0002758374145819591
