M.L_b.Hplus Time [a],M.L_b.Hplus Hplus [mol/kg]
980000.0,5.400134623693881e-09
990000.0,5.400146033700449e-09
