M.L_b.Hplus Time [a],M.L_b.Hplus Hplus [mol/kg]
980000.0,5.400143499386312e-09
990000.0,5.400124213882355e-09
