M.H_b.DIC Time [a],M.H_b.DIC DIC [mol/kg]
980000.0,0.0021497065708854096
990000.0,0.0021497065708854096
