M.L_b.TA Time [a],M.L_b.TA TA [mol/kg]
980000.0,0.00228082799881322
990000.0,0.002280824989204496
