M.L_b.DIC Time [a],M.L_b.DIC DIC [mol/kg]
980000.0,0.0019400023252891497
990000.0,0.001940002961621274
