M.H_b.DIC Time [a],M.H_b.DIC DIC [mol/kg]
980000.0,0.0021506780825580325
990000.0,0.0021506792876462982
