M.L_b.Hplus Time [a],M.L_b.Hplus Hplus [mol/kg]
980000.0,5.415327768760618e-09
990000.0,5.415327768760616e-09
