M.L_b.DIC Time [a],M.L_b.DIC DIC [mol/kg]
980000.0,0.0019400028625688186
990000.0,0.0019400038033603312
