M.D_b.TA Time [a],M.D_b.TA TA [mol/kg]
980000.0,0.002402488263949382
990000.0,0.0024024900368997113
