M.L_b.Hplus Time [a],M.L_b.Hplus Hplus [mol/kg]
980000.0,5.400302172491385e-09
990000.0,5.400205146563822e-09
