M.H_b.Hplus Time [a],M.H_b.Hplus Hplus [mol/kg]
980000.0,5.885755576851788e-09
990000.0,5.8857555768517885e-09
