M.L_b.DIC Time [a],M.L_b.DIC DIC [mol/kg]
980000.0,0.0019400014511444363
990000.0,0.0019400004337609188
