M.D_b.Hplus Time [a],M.D_b.Hplus Hplus [mol/kg]
980000.0,1.2227356640903167e-08
990000.0,1.2227322086280435e-08
