M.H_b.Hplus Time [a],M.H_b.Hplus Hplus [mol/kg]
980000.0,5.866654015719547e-09
990000.0,5.866668229811345e-09
