M.D_b.DIC Time [a],M.D_b.DIC DIC [mol/kg]
980000.0,0.0022935617083744073
990000.0,0.0022935622950834345
