M.D_b.Hplus Time [a],M.D_b.Hplus Hplus [mol/kg]
980000.0,1.2227307553873323e-08
990000.0,1.2227237464521918e-08
