M.L_b.CO2aq Time [a],M.L_b.CO2aq CO2aq [mol/kg]
980000.0,8.64216967576876e-06
990000.0,8.642139412387646e-06
