M.D_b.zsnow Time [a],M.D_b.zsnow zsnow [mol/kg]
980000.0,4735.738296478781
990000.0,4735.738296478781
