M.H_b.Hplus Time [a],M.H_b.Hplus Hplus [mol/kg]
980000.0,5.866728250105366e-09
990000.0,5.8667040306492855e-09
