M.D_b.DIC Time [a],M.D_b.DIC DIC [mol/kg]
980000.0,0.0022935625438866613
990000.0,0.0022935637490168197
