M.H_b.Hplus Time [a],M.H_b.Hplus Hplus [mol/kg]
980000.0,5.86676361080763e-09
990000.0,5.8667898031890366e-09
