M.L_b.DIC Time [a],M.L_b.DIC DIC [mol/kg]
980000.0,0.001940002198735795
990000.0,0.0019400026668830817
