M.H_b.CO2aq Time [a],M.H_b.CO2aq CO2aq [mol/kg]
980000.0,1.570679868257792e-05
990000.0,1.570683437260572e-05
