M.H_b.Hplus Time [a],M.H_b.Hplus Hplus [mol/kg]
980000.0,5.866741951508206e-09
990000.0,5.86672554800119e-09
