M.D_b.TA Time [a],M.D_b.TA TA [mol/kg]
980000.0,0.002402499897905054
990000.0,0.0024025103854300586
