M.D_b.DIC Time [a],M.D_b.DIC DIC [mol/kg]
980000.0,0.0022935388202461387
990000.0,0.0022935400266764234
