M.CO2_At Time [a],M.CO2_At CO2 [mol/kg]
980000.0,0.0002766065806792506
990000.0,0.0002766065806792506
