M.D_b.DIC Time [a],M.D_b.DIC DIC [mol/kg]
980000.0,0.0022935617707630705
990000.0,0.002293560076411855
