M.CO2_At Time [a],M.CO2_At CO2 [mol/kg]
980000.0,0.00027584099540936595
990000.0,0.00027583599821883956
