M.H_b.Hplus Time [a],M.H_b.Hplus Hplus [mol/kg]
980000.0,5.866670724124796e-09
990000.0,5.866650625038904e-09
