M.D_b.TA Time [a],M.D_b.TA TA [mol/kg]
980000.0,0.0024025101334943524
990000.0,0.002402511179200667
