M.L_b.TA Time [a],M.L_b.TA TA [mol/kg]
980000.0,0.0022808074071220042
990000.0,0.0022808062314285922
