M.L_b.DIC Time [a],M.L_b.DIC DIC [mol/kg]
980000.0,0.0019392401208734962
990000.0,0.0019392401208734962
