M.D_b.TA Time [a],M.D_b.TA TA [mol/kg]
980000.0,0.002402511621073865
990000.0,0.0024025137574600224
