M.L_b.CO2aq Time [a],M.L_b.CO2aq CO2aq [mol/kg]
980000.0,8.641983890175276e-06
990000.0,8.641958775755202e-06
