M.CO2_At Time [a],M.CO2_At CO2 [mol/kg]
980000.0,0.00027582926777452283
990000.0,0.00027582828041699804
