M.H_b.CO2aq Time [a],M.H_b.CO2aq CO2aq [mol/kg]
980000.0,1.5707265761506322e-05
990000.0,1.570733043828388e-05
