M.H_b.DIC Time [a],M.H_b.DIC DIC [mol/kg]
980000.0,0.002150676281855028
990000.0,0.002150674978650166
