M.D_b.DIC Time [a],M.D_b.DIC DIC [mol/kg]
980000.0,0.0022935385361147376
990000.0,0.0022935395362286702
