M.L_b.TA Time [a],M.L_b.TA TA [mol/kg]
980000.0,0.002279126774458228
990000.0,0.002279126774458228
