M.H_b.CO2aq Time [a],M.H_b.CO2aq CO2aq [mol/kg]
980000.0,1.57072163415322e-05
990000.0,1.570729936668218e-05
