M.L_b.CO2aq Time [a],M.L_b.CO2aq CO2aq [mol/kg]
980000.0,8.641976830345025e-06
990000.0,8.641946535034255e-06
