M.H_b.TA Time [a],M.H_b.TA TA [mol/kg]
980000.0,0.0023471983355042507
990000.0,0.0023471960251232504
