M.L_b.CO2aq Time [a],M.L_b.CO2aq CO2aq [mol/kg]
980000.0,8.642190058970264e-06
990000.0,8.642175848576992e-06
