M.D_b.Hplus Time [a],M.D_b.Hplus Hplus [mol/kg]
980000.0,1.2227690294073498e-08
990000.0,1.2227348123885665e-08
