M.H_b.DIC Time [a],M.H_b.DIC DIC [mol/kg]
980000.0,0.0021506540735324697
990000.0,0.0021506550736143564
