M.D_b.TA Time [a],M.D_b.TA TA [mol/kg]
980000.0,0.002402510404702655
990000.0,0.002402511850734018
