M.H_b.DIC Time [a],M.H_b.DIC DIC [mol/kg]
980000.0,0.0021506543589237073
990000.0,0.002150655565315018
