M.L_b.Hplus Time [a],M.L_b.Hplus Hplus [mol/kg]
980000.0,5.4001940476563295e-09
990000.0,5.400174782752759e-09
