M.L_b.TA Time [a],M.L_b.TA TA [mol/kg]
980000.0,0.0022808261974274413
990000.0,0.0022808238870305015
