M.D_b.zsnow Time [a],M.D_b.zsnow zsnow [mol/kg]
980000.0,4812.000401862813
990000.0,4812.000401862813
