M.D_b.Hplus Time [a],M.D_b.Hplus Hplus [mol/kg]
980000.0,1.2227352855715069e-08
990000.0,1.22274519310727e-08
