M.H_b.CO2aq Time [a],M.H_b.CO2aq CO2aq [mol/kg]
980000.0,1.5707178745253405e-05
990000.0,1.5707118940354755e-05
