M.L_b.DIC Time [a],M.L_b.DIC DIC [mol/kg]
980000.0,0.001939979642703627
990000.0,0.0019399804234522483
