M.D_b.TA Time [a],M.D_b.TA TA [mol/kg]
980000.0,0.0024024887684526274
990000.0,0.0024024909071501998
