M.L_b.TA Time [a],M.L_b.TA TA [mol/kg]
980000.0,0.002280806000322825
990000.0,0.0022808077733070644
