M.L_b.Hplus Time [a],M.L_b.Hplus Hplus [mol/kg]
980000.0,5.400148002967343e-09
990000.0,5.400132015531679e-09
