M.D_b.Hplus Time [a],M.D_b.Hplus Hplus [mol/kg]
980000.0,1.2227347519659166e-08
990000.0,1.2227300086621749e-08
