M.H_b.CO2aq Time [a],M.H_b.CO2aq CO2aq [mol/kg]
980000.0,1.5706826478429346e-05
990000.0,1.5706766610351563e-05
