M.H_b.TA Time [a],M.H_b.TA TA [mol/kg]
980000.0,0.0023471897246240643
990000.0,0.002347200264279404
