M.L_b.Hplus Time [a],M.L_b.Hplus Hplus [mol/kg]
980000.0,5.400207097959774e-09
990000.0,5.400197986519187e-09
