M.H_b.Hplus Time [a],M.H_b.Hplus Hplus [mol/kg]
9985.479297284965,6.621846993989373e-09
9990.0,6.621846993989373e-09
