M.L_b.Hplus Time [a],M.L_b.Hplus Hplus [mol/kg]
9985.479297284965,6.741016228384175e-09
9990.0,6.7410162283841725e-09
