M.L_b.DIC Time [a],M.L_b.DIC DIC [mol/kg]
9985.479297284965,0.0019691137684567928
9990.0,0.0019691137684567928
