M.L_b.CO2aq Time [a],M.L_b.CO2aq CO2aq [mol/kg]
9985.479297284965,8.783377193205778e-06
9990.0,8.783377193205772e-06
