M.L_b.TA Time [a],M.L_b.TA TA [mol/kg]
9985.479297284965,0.00231299951975217
9990.0,0.00231299951975217
