M.H_b.TA Time [a],M.H_b.TA TA [mol/kg]
9985.479297284965,0.0023680192488820333
9990.0,0.0023680192488820333
