M.H_b.CO2aq Time [a],M.H_b.CO2aq CO2aq [mol/kg]
9985.479297284965,1.621013903644135e-05
9990.0,1.6210139036441352e-05
