M.D_b.Hplus Time [a],M.D_b.Hplus Hplus [mol/kg]
9985.479297284965,1.343763168291818e-08
9990.0,1.343763168291818e-08
