M.CO2_At Time [a],M.CO2_At CO2 [mol/kg]
9985.479297284965,0.000281061905791596
9990.0,0.00028106190579159596
