M.D_b.DIC Time [a],M.D_b.DIC DIC [mol/kg]
9985.479297284965,0.0022904196638156
9990.0,0.0022904196638156
