M.H_b.DIC Time [a],M.H_b.DIC DIC [mol/kg]
9985.479297284965,0.002174209109099803
9990.0,0.0021742091090998033
