M.D_b.zsnow Time [a],M.D_b.zsnow zsnow [mol/kg]
9985.479297284965,4749.948392798115
9990.0,4749.948392798115
