M.D_b.TA Time [a],M.D_b.TA TA [mol/kg]
9985.479297284965,0.0023980414759201
9990.0,0.0023980414759201
